facility,V1,V2,V3,V4,V5,V6,V7,V8,V9,V10,V11,V12,V13,V14,V15,V16,V17,V18,V19,V20,V21,V22,V23,V24,V25,V26,V27,V28,V29,V30,V31,V32,V33,V34,V35,V36,V37,V38,V39,V40,V41,V42,V43,V44,V45,V46,V47,V48
buli,44.1,48,50.1,49.4,46.1,40.9,35.2,30.5,27.9,27.2,27.3,27.5,27.6,27,25.9,24.5,23.1,22.2,21.2,19.6,17.2,14.4,12,10.6,10.1,10.1,10.1,10.1,10.6,11.8,14.1,17,20.1,22.2,22.8,21.8,19.5,16.8,14.3,12.6,12.1,13.1,15.7,19.7,24.3,29.2,34.2,39.4
chibale,132.6,151.9,170.5,185.6,195.6,201,202.4,199.2,190.3,176.3,160.4,147.4,139.9,137.1,135.7,132.9,126.8,115.9,100.9,84.4,69.8,59.6,54.2,52,51.2,51,51.3,52.3,54.1,56.7,60.2,64,66.7,67.4,65.4,60.5,53.6,46,38.9,34,32.7,36,43.6,54.4,67.4,81.8,97.4,114.2
chifunda,47.1,58,67.3,72.6,73.9,72.2,69.3,66.7,65.2,64.5,64.4,65.3,67.1,69.4,71.5,72.7,73.1,72.8,71.5,68.5,63.4,56.8,49.9,43.6,38.2,33.7,30.1,27.8,26.5,25.8,24.6,22.9,20.9,18.7,16.7,14.9,13.5,12.5,11.9,11.7,12.1,13,14.7,16.9,19.6,23.2,28.7,36.8
chigoma,47.9,64,80,93.9,104.5,110.9,111.4,105.8,94.4,79.8,64,48.7,35.2,25.8,22.4,25.3,33.8,45.1,55.3,61.9,64.5,63.5,60.8,58.3,56.8,55,52,47,39.8,31.8,25.1,21.4,20.8,22.1,23.7,24.6,24.2,22.7,20.5,18.3,16.3,14.8,13.9,13.8,14.6,17.4,23.5,33.7
chikwa,79.8,87.1,92.4,95.7,97.2,97.5,97.6,98.1,98.3,97.2,94.5,90.1,84.1,77.5,71.2,66.2,62.9,61.4,61.1,60.9,59.8,57.5,53.7,48.9,43.8,39.4,36.1,34.1,33.4,34.1,35.7,37.5,38.5,37.9,35.3,31.1,26,21.2,17.5,15.6,15.7,17.9,22,28.3,37.2,48,59.5,70.4
chilubanama,23.4,26.8,30,32.7,34.5,35.4,35.7,35.1,33.5,31.1,28.3,26,24.7,24.2,23.9,23.4,22.3,20.4,17.8,14.9,12.3,10.5,9.6,9.2,9,9,9,9.2,9.5,10,10.6,11.3,11.8,11.9,11.5,10.7,9.4,8.1,6.9,6,5.8,6.4,7.7,9.6,11.9,14.4,17.2,20.1
fulaza,20.8,25.6,29.7,32,32.6,31.8,30.5,29.4,28.7,28.4,28.4,28.8,29.6,30.6,31.5,32.1,32.2,32.1,31.5,30.2,28,25.1,22,19.2,16.8,14.8,13.3,12.3,11.7,11.4,10.9,10.1,9.2,8.2,7.3,6.6,6,5.5,5.2,5.2,5.3,5.7,6.5,7.5,8.6,10.2,12.7,16.2
kambombo,36.4,50.7,67.1,83.1,96.2,105.1,109.8,111.4,111.3,111.2,110.8,108.5,103.2,94.2,81.6,66.4,51.2,38.2,29,24,22.2,22,22,22.2,23.1,25.2,28.1,31.2,33.6,34.3,32.7,29.2,24.6,19.9,16,13.2,11.4,10.1,9.5,9.5,10.1,11.1,12.3,13.4,14.5,15.8,19,25.6
kambwili,10.6,10.6,10.6,10.6,11.5,14.2,19.4,27.2,36.6,46.2,54.3,59.7,61.8,60.8,57.3,52.4,47.1,41.7,37,33.3,30.8,29.3,28.4,27.8,27.3,26.9,26.6,26.3,26.1,25.9,25.6,25.2,24.4,23,21.1,18.7,16.1,13.9,12.2,11.2,10.7,10.6,10.6,10.6,10.6,10.6,10.6,10.6
kanyelele,29.1,38.9,48.6,57,63.5,67.4,67.7,64.3,57.3,48.5,38.9,29.6,21.4,15.6,13.6,15.4,20.5,27.4,33.6,37.6,39.2,38.6,36.9,35.4,34.5,33.4,31.6,28.5,24.2,19.3,15.3,13,12.6,13.4,14.4,14.9,14.7,13.8,12.5,11.1,9.9,9,8.5,8.4,8.9,10.6,14.3,20.5
kapichilasenga,49.7,61.3,71,76.7,78,76.2,73.1,70.4,68.8,68.1,68,68.9,70.9,73.3,75.5,76.8,77.1,76.8,75.5,72.4,67,60,52.7,46,40.3,35.6,31.8,29.4,28,27.2,26,24.2,22,19.7,17.6,15.8,14.3,13.2,12.5,12.4,12.7,13.8,15.5,17.9,20.7,24.5,30.3,38.8
lundu,16.4,22.9,30.3,37.5,43.4,47.5,49.6,50.3,50.3,50.2,50,49,46.6,42.6,36.9,30,23.1,17.2,13.1,10.8,10,9.9,9.9,10,10.4,11.4,12.7,14.1,15.2,15.5,14.8,13.2,11.1,9,7.2,6,5.1,4.6,4.3,4.3,4.6,5,5.5,6.1,6.5,7.2,8.6,11.6
mapamba,33.3,41.8,51.1,60.6,69.8,78.3,84.8,88.8,89.9,89.7,90.7,94.7,101.2,106.9,108.8,104.5,92.5,75,55.3,38.4,27.5,24,26.5,32.3,39.6,47.3,54.1,58.6,59.7,57.5,52.4,45.6,38.3,31.3,25.1,19.7,15.7,12.8,10.7,9.5,9,9.1,9.7,10.9,12.8,15.9,20.2,26
mphyanakunda,17.8,24.8,32.8,40.7,47,51.4,53.7,54.5,54.5,54.4,54.2,53.1,50.5,46.1,39.9,32.5,25,18.7,14.2,11.7,10.9,10.8,10.7,10.9,11.3,12.3,13.7,15.3,16.4,16.8,16,14.3,12,9.7,7.8,6.5,5.6,5,4.6,4.7,4.9,5.4,6,6.6,7.1,7.7,9.3,12.5
mulilo,42.7,43.3,44.4,46,48,50.4,52.1,52.2,50.2,45.7,39,31.2,23.9,18.3,15.5,15.4,17.4,20.4,23.5,26.2,28.4,30.1,31.2,32.2,33.3,35,37.6,40.6,43,43.9,42.9,40.5,38,36.5,36.6,37.7,39,40.3,41.4,42.8,44.2,45.6,46.7,47.1,46.8,45.6,44.2,43
nthonkho,56.5,64.8,72.7,79.1,83.4,85.7,86.3,85,81.1,75.2,68.4,62.8,59.7,58.5,57.9,56.7,54.1,49.4,43,36,29.8,25.4,23.1,22.2,21.8,21.7,21.9,22.3,23.1,24.2,25.7,27.3,28.5,28.8,27.9,25.8,22.9,19.6,16.6,14.5,13.9,15.4,18.6,23.2,28.8,34.9,41.5,48.7
pondo,10.5,11.4,12.1,12.6,12.8,12.8,12.8,12.9,12.9,12.8,12.4,11.8,11,10.2,9.4,8.7,8.3,8.1,8,8,7.9,7.5,7.1,6.4,5.8,5.2,4.7,4.5,4.4,4.5,4.7,4.9,5.1,5,4.6,4.1,3.4,2.8,2.3,2,2.1,2.3,2.9,3.7,4.9,6.3,7.8,9.2
sitwe,70.1,76.2,79.5,78.5,73.3,65,55.9,48.4,44.4,43.3,43.4,43.8,43.8,42.9,41.1,38.9,36.8,35.2,33.7,31.2,27.3,22.8,19.1,16.9,16.1,16,16.1,16.1,16.8,18.7,22.3,27.1,31.9,35.3,36.2,34.6,31,26.7,22.7,20.1,19.3,20.9,25,31.3,38.7,46.4,54.4,62.6
tembwe,28.4,38,47.5,55.8,62.1,65.9,66.2,62.9,56.1,47.4,38.1,28.9,20.9,15.3,13.3,15,20.1,26.8,32.9,36.8,38.3,37.8,36.1,34.7,33.7,32.7,30.9,27.9,23.6,18.9,14.9,12.7,12.3,13.1,14.1,14.6,14.4,13.5,12.2,10.9,9.7,8.8,8.3,8.2,8.7,10.3,13.9,20
chingi,9.6,13.5,17.7,21.6,24.6,26.4,27.2,26.9,25.8,24.6,23.4,21.9,19.7,16.6,13.4,10.7,8.9,8,7.7,7.7,7.8,7.8,7.9,7.9,8,8.2,8.4,8.6,8.8,8.9,9,9,8.9,8.5,8.1,7.4,6.7,6,5.5,5.1,5,4.9,4.9,5,5.1,5.2,5.5,6.9
chivombo,21.3,19.1,17,15.6,14.9,15.2,17,20.6,25,29.2,32.3,33.9,34.5,34.9,35.5,36.1,36.3,35.1,32.6,29.4,26.4,24.4,23.5,23.2,22.7,21.8,20.6,19.2,17.7,16.4,15.1,13.9,13,12.5,12.3,12.4,12.4,12.2,11.8,11.5,11.8,13.4,16,19.1,22,23.8,24.1,23.1
chiyeke,100.4,140.6,185,225.3,256.2,275.9,283.8,280.6,269.7,256.6,243.8,228.2,205.1,173.6,140,111.9,93.2,83.8,80.7,80.5,81.1,81.5,82,82.8,83.9,85.7,87.8,90,91.9,93.2,94,93.8,92.4,89.2,84.1,77.3,69.8,62.8,57.2,53.6,51.8,51.3,51.6,52.2,53,53.9,57.7,71.7
lukolwe mission,84.2,78.1,70.8,63.5,57.7,54.2,53.2,54,55.7,57.3,58.2,58.5,58.4,57.4,55.1,51,45.6,40.2,36.1,33.7,32.4,31.5,30.6,29.9,30,30.9,32.2,33.1,33.2,32.4,31,29.2,27.4,25.6,23.9,22.4,21.6,21.7,23.4,26.9,32.9,41.4,51.7,63,73.6,82,86.7,87.4
nguvu,21.3,21.3,22.2,23.7,25.3,26.5,27.1,27.3,27.5,28,28.4,28.4,27.9,26.9,25.8,25,24.6,24.4,24.3,24.1,23.5,22.9,22.4,22.3,22.3,22.2,22,22,22.5,23.3,23.8,23.8,23.3,22.4,21.5,20.5,19.6,18.7,17.8,16.9,16.3,16.3,17.3,18.8,20.5,21.6,22,21.8
nyatanda,16.1,15,13.6,12.2,11.1,10.4,10.2,10.4,10.7,11,11.1,11.2,11.2,11,10.6,9.8,8.7,7.7,6.9,6.5,6.2,6,5.9,5.7,5.7,5.9,6.2,6.3,6.4,6.2,5.9,5.6,5.2,4.9,4.6,4.3,4.1,4.2,4.5,5.1,6.3,7.9,9.9,12.1,14.1,15.7,16.6,16.7
chifuwe south,54.6,50.7,45.9,41.2,37.4,35.1,34.5,35,36.1,37.1,37.7,37.9,37.9,37.2,35.7,33,29.6,26.1,23.4,21.8,21,20.4,19.8,19.4,19.4,20,20.9,21.5,21.5,21,20.1,18.9,17.7,16.6,15.5,14.5,14,14.1,15.1,17.4,21.3,26.8,33.5,40.8,47.7,53.1,56.2,56.7
chikonkwelo,31.6,29.3,26.6,23.9,21.7,20.4,20,20.3,20.9,21.5,21.8,22,21.9,21.6,20.7,19.1,17.1,15.1,13.6,12.7,12.2,11.8,11.5,11.2,11.3,11.6,12.1,12.4,12.5,12.2,11.6,11,10.3,9.6,9,8.4,8.1,8.2,8.8,10.1,12.4,15.5,19.4,23.7,27.6,30.8,32.5,32.8
dyambombola,29.6,39.5,49.4,58,64.6,68.5,68.9,65.4,58.3,49.3,39.6,30.1,21.7,15.9,13.8,15.6,20.9,27.9,34.2,38.3,39.8,39.3,37.5,36,35.1,34,32.1,29,24.6,19.6,15.5,13.2,12.8,13.6,14.7,15.2,15,14,12.7,11.3,10.1,9.1,8.6,8.5,9,10.7,14.5,20.8
kabompo,272.2,243.9,218.1,199.6,190.3,194.3,218.1,263.1,319.8,373.5,413.1,433.9,441.6,446.1,453.9,462.7,464.2,449.8,417.7,376.2,338.1,312.7,300.9,296.3,290.5,279.2,263.3,245.2,227.1,209.9,193.2,177.7,166,159.6,157.9,158.5,158.7,156.4,151,146.6,151.4,171.2,204.5,244.6,281.1,304.3,308.6,296.2
kabulamema,31.3,34.2,36.3,37.6,38.2,38.3,38.4,38.5,38.6,38.2,37.1,35.4,33,30.4,28,26,24.7,24.1,24,23.9,23.5,22.6,21.1,19.2,17.2,15.5,14.2,13.4,13.1,13.4,14,14.7,15.1,14.9,13.9,12.2,10.2,8.3,6.9,6.1,6.2,7,8.6,11.1,14.6,18.9,23.4,27.7
kalunga,47.7,44.3,40.1,36,32.7,30.7,30.1,30.6,31.6,32.5,33,33.2,33.1,32.6,31.2,28.9,25.8,22.8,20.5,19.1,18.4,17.9,17.3,17,17,17.5,18.3,18.8,18.8,18.4,17.5,16.5,15.5,14.5,13.5,12.7,12.2,12.3,13.2,15.2,18.6,23.5,29.3,35.7,41.7,46.4,49.1,49.5
kasamba,62.4,87.4,115.1,140.1,159.3,171.5,176.5,174.5,167.7,159.5,151.6,141.9,127.5,107.9,87.1,69.6,58,52.1,50.1,50.1,50.4,50.7,51,51.5,52.2,53.3,54.6,56,57.1,58,58.4,58.3,57.4,55.4,52.3,48.1,43.4,39.1,35.6,33.3,32.2,31.9,32.1,32.5,32.9,33.5,35.9,44.6
kashinakaji,13,18.3,24,29.3,33.3,35.8,36.9,36.4,35,33.3,31.7,29.6,26.6,22.5,18.2,14.5,12.1,10.9,10.5,10.5,10.5,10.6,10.7,10.7,10.9,11.1,11.4,11.7,11.9,12.1,12.2,12.2,12,11.6,10.9,10,9.1,8.2,7.4,7,6.7,6.7,6.7,6.8,6.9,7,7.5,9.3
kayombo,23.4,32.7,43,52.4,59.6,64.2,66,65.3,62.7,59.7,56.7,53.1,47.7,40.4,32.6,26,21.7,19.5,18.8,18.7,18.9,19,19.1,19.3,19.5,19.9,20.4,20.9,21.4,21.7,21.9,21.8,21.5,20.7,19.6,18,16.2,14.6,13.3,12.5,12,11.9,12,12.1,12.3,12.5,13.4,16.7
loloma,238.2,333.6,438.9,534.5,607.8,654.4,673.3,665.5,639.7,608.7,578.3,541.3,486.5,411.8,332.2,265.4,221.1,198.8,191.3,191,192.3,193.4,194.6,196.3,199.1,203.2,208.3,213.5,218,221.2,222.9,222.5,219.1,211.5,199.4,183.4,165.7,149,135.8,127.1,122.8,121.7,122.4,123.8,125.7,128,137,170.1
luansongwa,34.6,32.1,29.1,26.1,23.7,22.3,21.9,22.2,22.9,23.5,23.9,24,24,23.6,22.6,20.9,18.7,16.5,14.8,13.8,13.3,12.9,12.6,12.3,12.3,12.7,13.2,13.6,13.6,13.3,12.7,12,11.2,10.5,9.8,9.2,8.9,8.9,9.6,11,13.5,17,21.2,25.9,30.2,33.7,35.6,35.9
mayawu,11.5,10.3,9.2,8.5,8.1,8.2,9.2,11.1,13.5,15.8,17.5,18.4,18.7,18.9,19.2,19.6,19.7,19,17.7,15.9,14.3,13.2,12.7,12.5,12.3,11.8,11.2,10.4,9.6,8.9,8.2,7.5,7,6.8,6.7,6.7,6.7,6.6,6.4,6.2,6.4,7.2,8.7,10.4,11.9,12.9,13.1,12.5
mumbeji,53.8,75.4,99.1,120.7,137.3,147.8,152.1,150.3,144.5,137.5,130.6,122.3,109.9,93,75,59.9,49.9,44.9,43.2,43.1,43.4,43.7,44,44.3,45,45.9,47,48.2,49.2,50,50.3,50.3,49.5,47.8,45,41.4,37.4,33.7,30.7,28.7,27.7,27.5,27.6,28,28.4,28.9,30.9,38.4
ndungo,9.7,9.7,9.7,9.8,10.6,13.1,17.9,25.1,33.8,42.7,50.2,55.1,57.1,56.1,52.9,48.4,43.5,38.5,34.2,30.8,28.4,27,26.2,25.7,25.2,24.8,24.5,24.3,24.1,23.9,23.7,23.3,22.5,21.3,19.5,17.2,14.9,12.8,11.3,10.3,9.9,9.8,9.7,9.7,9.7,9.7,9.7,9.7
nkulwashi,22.6,25.9,29.1,31.7,33.4,34.3,34.6,34,32.5,30.1,27.4,25.2,23.9,23.4,23.2,22.7,21.7,19.8,17.2,14.4,11.9,10.2,9.3,8.9,8.7,8.7,8.8,8.9,9.2,9.7,10.3,10.9,11.4,11.5,11.2,10.3,9.2,7.9,6.6,5.8,5.6,6.2,7.4,9.3,11.5,14,16.6,19.5
saint kalemba,113.5,101.7,90.9,83.2,79.4,81,91,109.7,133.4,155.8,172.3,181,184.2,186.1,189.3,193,193.6,187.6,174.2,156.9,141,130.4,125.5,123.6,121.1,116.4,109.8,102.3,94.7,87.5,80.6,74.1,69.2,66.6,65.8,66.1,66.2,65.2,63,61.2,63.2,71.4,85.3,102,117.2,126.9,128.7,123.5
afumba,35.3,47.1,58.9,69.2,77,81.7,82.1,77.9,69.5,58.8,47.2,35.8,25.9,19,16.5,18.6,24.9,33.2,40.7,45.6,47.5,46.8,44.8,43,41.8,40.5,38.3,34.6,29.3,23.4,18.5,15.8,15.3,16.2,17.5,18.1,17.8,16.7,15.1,13.4,12,10.9,10.3,10.2,10.8,12.8,17.3,24.8
aha,105.5,113.9,126.1,140.8,156.1,169.4,178.7,183.8,185.5,186.2,188.4,192.8,197.7,200,197.9,192.1,185.5,181.2,179.6,179.3,178,173.5,165.1,154.4,144.7,138.9,138.3,143.2,152.8,164.7,175.4,181.7,181.4,173.9,161.7,147.8,134.2,123.2,116.7,114.8,115,116.2,116.9,115.3,111.1,106.1,102.2,101.6
chitwa,40.7,44,48.7,54.3,60.2,65.4,69,70.9,71.5,71.8,72.7,74.4,76.3,77.1,76.3,74.1,71.6,69.9,69.3,69.2,68.7,66.9,63.7,59.6,55.8,53.6,53.3,55.2,59,63.6,67.7,70.1,70,67.1,62.4,57,51.8,47.5,45,44.3,44.4,44.8,45.1,44.5,42.9,40.9,39.4,39.2
kaaba,21,29.2,38.7,47.9,55.4,60.5,63.2,64.1,64.1,64.1,63.8,62.5,59.4,54.3,47,38.3,29.5,22,16.7,13.8,12.8,12.7,12.7,12.8,13.3,14.5,16.2,18,19.3,19.7,18.8,16.8,14.1,11.4,9.2,7.6,6.5,5.8,5.5,5.5,5.8,6.4,7.1,7.7,8.3,9.1,11,14.8
kabilamwandi,57.3,59.1,59.8,59.3,57.9,56,54.4,53.2,52.5,52.3,52.3,52.1,52.1,52.3,52.9,53.6,53.9,53.7,53,52.4,52.1,52,51.9,51.5,50.2,47.6,43.7,39.3,35.2,32,29.9,28.8,28.4,28.3,28.4,28.2,27.7,26.9,26.1,25.8,26.7,29,32.6,37.1,42,46.6,50.8,54.5
kahare,75.4,105.5,138.9,169.1,192.3,207,213,210.6,202.4,192.6,183,171.3,153.9,130.3,105.1,84,69.9,62.9,60.5,60.4,60.8,61.2,61.6,62.1,63,64.3,65.9,67.5,69,70,70.5,70.4,69.3,66.9,63.1,58,52.4,47.2,43,40.2,38.9,38.5,38.7,39.2,39.8,40.5,43.3,53.8
kandende,50.5,59.8,72,84.8,95.4,101.9,104.3,104.8,104.8,105.1,106.4,108.8,111.6,112.4,109.1,101.5,92,83.8,78.6,76.7,76.4,76.4,76.1,75.2,74.5,74.6,75.4,76.1,75.3,71.6,64.7,56.4,48.3,42.1,38.2,36.4,35.5,35.2,35.3,35.7,36.2,36.6,37,37.4,37.9,39.1,41.3,44.7
kaoma urban,217.4,201.7,182.7,164,149.1,139.9,137.4,139.5,143.9,147.9,150.2,151.1,150.7,148.3,142.2,131.5,117.7,103.9,93.2,87,83.7,81.4,79,77.3,77.4,79.8,83.2,85.5,85.7,83.6,79.9,75.4,70.7,66,61.6,57.9,55.7,56.1,60.3,69.4,84.9,106.8,133.5,162.6,190,211.6,223.8,225.7
kasabi,28.4,26.3,23.8,21.4,19.4,18.2,17.9,18.2,18.8,19.3,19.6,19.7,19.7,19.3,18.5,17.2,15.4,13.6,12.2,11.3,10.9,10.6,10.3,10.1,10.1,10.4,10.8,11.2,11.2,10.9,10.4,9.8,9.2,8.6,8,7.6,7.3,7.3,7.9,9,11.1,13.9,17.4,21.2,24.8,27.6,29.2,29.4
kasimba,32.4,40.7,49.8,59,67.9,76.2,82.5,86.4,87.5,87.3,88.3,92.2,98.4,104,105.9,101.7,90,73,53.8,37.4,26.8,23.3,25.8,31.4,38.5,46.1,52.7,57,58.1,55.9,51,44.4,37.3,30.5,24.4,19.2,15.3,12.4,10.5,9.2,8.8,8.8,9.4,10.6,12.5,15.4,19.7,25.3
katunda,58.2,52.2,46.6,42.7,40.7,41.6,46.6,56.3,68.4,79.9,88.4,92.8,94.4,95.4,97.1,99,99.3,96.2,89.3,80.4,72.3,66.9,64.4,63.4,62.1,59.7,56.3,52.4,48.6,44.9,41.3,38,35.5,34.1,33.8,33.9,33.9,33.4,32.3,31.4,32.4,36.6,43.7,52.3,60.1,65.1,66,63.3
longe,27.6,24.7,22.1,20.2,19.3,19.7,22.1,26.6,32.4,37.8,41.8,43.9,44.7,45.2,46,46.8,47,45.5,42.3,38.1,34.2,31.7,30.5,30,29.4,28.3,26.7,24.8,23,21.2,19.6,18,16.8,16.2,16,16,16.1,15.8,15.3,14.8,15.3,17.3,20.7,24.8,28.5,30.8,31.2,30
luampa,471,514.1,545.2,564.9,573.6,575.6,576.3,578.9,580,573.8,557.8,531.7,496.4,457.1,420.4,390.7,371,362.4,360.8,359.4,353.2,339.3,317,288.4,258.6,232.5,213,201,197.2,201.3,210.6,221.3,227.5,223.7,208.2,183.3,153.6,125.1,103.2,92,92.7,105.5,129.6,167,219.5,283.3,351.2,415.5
luena camp,126.4,138,146.3,151.7,154,154.5,154.7,155.4,155.7,154,149.7,142.7,133.3,122.7,112.9,104.9,99.6,97.3,96.9,96.5,94.8,91.1,85.1,77.4,69.4,62.4,57.2,53.9,52.9,54,56.5,59.4,61.1,60,55.9,49.2,41.2,33.6,27.7,24.7,24.9,28.3,34.8,44.8,58.9,76.1,94.3,111.5
lui,27.1,27.9,28.2,28,27.3,26.5,25.7,25.1,24.8,24.7,24.7,24.6,24.6,24.7,25,25.3,25.5,25.4,25.1,24.8,24.6,24.6,24.5,24.3,23.7,22.5,20.7,18.6,16.6,15.1,14.1,13.6,13.4,13.4,13.4,13.3,13.1,12.7,12.3,12.2,12.6,13.7,15.4,17.5,19.8,22,24,25.7
mangango mission hospital,184.5,184.5,184.5,186.1,201.1,247.9,339.4,475.3,640.8,808.7,950.2,1043.9,1081.4,1063.2,1002.4,917.2,823,729.6,647,582.7,538.5,512.1,496.9,486.1,477.2,470.1,464.8,460.6,456.7,452.8,448.3,440.9,426.8,402.9,368.6,326.4,282.2,243.1,213.7,195.7,187.3,184.8,184.5,184.5,184.5,184.5,184.5,184.5
mayukwayukwa 1,138.7,150.7,157.3,155.3,144.9,128.5,110.5,95.7,87.7,85.6,85.8,86.5,86.6,84.8,81.4,76.8,72.7,69.7,66.7,61.7,54,45.1,37.7,33.4,31.9,31.7,31.8,31.9,33.2,37.1,44.2,53.5,63,69.8,71.7,68.4,61.4,52.8,45,39.7,38.2,41.3,49.5,62,76.5,91.7,107.6,123.8
mbanyutu,77.9,81.4,83.3,84.5,86.7,91.4,98.8,107.9,116.8,123.1,125.5,123.6,118,110,101.6,93.5,86.7,81.7,78.4,76,73.6,70.9,67.8,64.5,61.5,58.9,56.9,56,56.7,59.3,63.5,68.5,73.2,76.7,78.4,78.7,78.9,80.3,83.5,87.7,91.1,91.8,89.1,83.5,77.4,73,71.9,74
mulamba,136.5,189.9,251.6,311.5,360.3,393.9,411.5,417.3,417.2,416.9,415.1,406.7,386.8,353.2,305.9,249,191.7,143,108.5,89.9,83.3,82.4,82.3,83.2,86.7,94.3,105.2,116.9,125.9,128.4,122.6,109.3,92.1,74.5,60,49.6,42.6,38,35.6,35.6,37.9,41.7,46,50.4,54.2,59.3,71.3,96
mulwa,50.9,47.2,42.8,38.4,34.9,32.8,32.2,32.7,33.7,34.6,35.2,35.4,35.3,34.7,33.3,30.8,27.6,24.3,21.8,20.4,19.6,19.1,18.5,18.1,18.1,18.7,19.5,20,20.1,19.6,18.7,17.6,16.5,15.4,14.4,13.6,13,13.1,14.1,16.2,19.9,25,31.3,38.1,44.5,49.5,52.4,52.8
mwanambuyu,23.3,29.2,35.7,42.3,48.7,54.6,59.1,61.9,62.7,62.5,63.3,66.1,70.6,74.6,75.9,72.8,64.5,52.3,38.6,26.8,19.2,16.7,18.5,22.5,27.6,33,37.8,40.9,41.6,40.1,36.6,31.8,26.7,21.8,17.5,13.7,10.9,8.9,7.5,6.6,6.3,6.3,6.8,7.6,9,11.1,14.1,18.2
nakayembe,30.8,31.8,32.1,31.9,31.1,30.1,29.3,28.6,28.3,28.1,28.1,28,28,28.1,28.5,28.8,29,28.9,28.5,28.2,28,28,27.9,27.7,27,25.6,23.5,21.2,18.9,17.2,16.1,15.5,15.3,15.2,15.3,15.2,14.9,14.5,14,13.9,14.4,15.6,17.5,20,22.6,25.1,27.3,29.3
namilangi,72.5,64.9,58,53.1,50.7,51.7,58.1,70,85.1,99.4,110,115.5,117.6,118.8,120.8,123.2,123.6,119.7,111.2,100.1,90,83.2,80.1,78.9,77.3,74.3,70.1,65.3,60.5,55.9,51.4,47.3,44.2,42.5,42,42.2,42.2,41.6,40.2,39,40.3,45.6,54.5,65.1,74.8,81,82.1,78.8
njonjolo,19.4,19.4,20.2,21.6,23,24.1,24.7,24.9,25.1,25.5,25.9,25.9,25.4,24.5,23.5,22.8,22.4,22.2,22.1,21.9,21.4,20.8,20.4,20.3,20.3,20.2,20,20.1,20.5,21.2,21.6,21.7,21.2,20.4,19.5,18.7,17.8,17,16.2,15.4,14.8,14.9,15.7,17.1,18.6,19.7,20,19.8
nkenga,21.4,21.4,21.4,21.6,23.3,28.8,39.4,55.2,74.4,93.8,110.3,121.1,125.5,123.4,116.3,106.4,95.5,84.7,75.1,67.6,62.5,59.4,57.7,56.4,55.4,54.6,53.9,53.5,53,52.5,52,51.2,49.5,46.8,42.8,37.9,32.8,28.2,24.8,22.7,21.7,21.4,21.4,21.4,21.4,21.4,21.4,21.4
nkeyema,101,105.6,108,109.6,112.4,118.5,128,139.9,151.4,159.5,162.7,160.3,153,142.7,131.7,121.2,112.4,105.9,101.6,98.5,95.5,92,87.9,83.7,79.8,76.4,73.8,72.7,73.6,76.9,82.4,88.9,95,99.5,101.6,102,102.3,104.1,108.3,113.7,118.1,119,115.5,108.3,100.4,94.7,93.2,96
nyambi 1,39.4,43,45.6,47.3,48,48.2,48.2,48.4,48.5,48,46.7,44.5,41.5,38.2,35.2,32.7,31,30.3,30.2,30.1,29.5,28.4,26.5,24.1,21.6,19.4,17.8,16.8,16.5,16.8,17.6,18.5,19,18.7,17.4,15.3,12.9,10.5,8.6,7.7,7.8,8.8,10.8,14,18.4,23.7,29.4,34.8
nyambi 2,29.5,32.2,34.1,35.4,35.9,36,36.1,36.2,36.3,35.9,34.9,33.3,31.1,28.6,26.3,24.5,23.2,22.7,22.6,22.5,22.1,21.2,19.9,18.1,16.2,14.6,13.3,12.6,12.3,12.6,13.2,13.9,14.2,14,13,11.5,9.6,7.8,6.5,5.8,5.8,6.6,8.1,10.5,13.7,17.7,22,26
saint josephs,66.4,83.3,101.9,120.7,139.1,156,169,176.9,179.2,178.7,180.8,188.8,201.6,213,216.8,208.1,184.4,149.4,110.3,76.5,54.9,47.8,52.8,64.3,78.9,94.3,107.9,116.8,119,114.5,104.5,90.9,76.4,62.4,49.9,39.3,31.2,25.5,21.4,18.9,17.9,18.1,19.3,21.8,25.6,31.6,40.3,51.9
winda,44.1,44.7,45.9,47.5,49.7,52.1,53.8,54,51.9,47.2,40.3,32.3,24.7,18.9,16,16,18,21.1,24.3,27,29.4,31.1,32.3,33.3,34.5,36.2,38.9,42,44.5,45.3,44.3,41.8,39.2,37.8,37.9,39,40.3,41.6,42.8,44.2,45.7,47.1,48.3,48.7,48.4,47.2,45.7,44.5
zns mangango,28.4,35.6,43.6,51.6,59.5,66.7,72.2,75.6,76.6,76.4,77.3,80.7,86.2,91.1,92.7,89,78.8,63.9,47.1,32.7,23.5,20.4,22.6,27.5,33.7,40.3,46.1,49.9,50.9,49,44.7,38.9,32.7,26.7,21.3,16.8,13.4,10.9,9.1,8.1,7.7,7.7,8.3,9.3,10.9,13.5,17.2,22.2
army,60.2,65,72,80.3,89,96.6,102,104.8,105.8,106.2,107.4,110,112.8,114.1,112.9,109.6,105.8,103.3,102.4,102.3,101.6,99,94.2,88.1,82.6,79.3,78.9,81.7,87.2,94,100.1,103.6,103.5,99.2,92.2,84.3,76.5,70.3,66.6,65.5,65.6,66.3,66.7,65.8,63.4,60.5,58.3,58
chanda mukulu,8.3,10.4,12.7,15.1,17.4,19.5,21.1,22.1,22.4,22.3,22.6,23.6,25.2,26.6,27.1,26,23,18.7,13.8,9.6,6.9,6,6.6,8,9.9,11.8,13.5,14.6,14.9,14.3,13.1,11.4,9.5,7.8,6.2,4.9,3.9,3.2,2.7,2.4,2.2,2.3,2.4,2.7,3.2,4,5,6.5
chilongoshi,8.4,9.1,10,11.2,12.4,13.5,14.2,14.6,14.7,14.8,15,15.3,15.7,15.9,15.7,15.3,14.7,14.4,14.3,14.3,14.2,13.8,13.1,12.3,11.5,11,11,11.4,12.1,13.1,13.9,14.4,14.4,13.8,12.9,11.7,10.7,9.8,9.3,9.1,9.1,9.2,9.3,9.2,8.8,8.4,8.1,8.1
chilubula,61.2,72.4,87.2,102.7,115.5,123.3,126.3,126.8,126.8,127.2,128.8,131.7,135.1,136.1,132.1,122.9,111.4,101.4,95.2,92.9,92.5,92.5,92.1,91,90.2,90.3,91.2,92.1,91.2,86.7,78.3,68.2,58.5,50.9,46.3,44,43,42.6,42.7,43.2,43.8,44.3,44.8,45.2,45.9,47.3,50,54.1
chiombo,15.8,21.9,29.1,36,41.6,45.5,47.5,48.2,48.2,48.2,48,47,44.7,40.8,35.3,28.8,22.1,16.5,12.5,10.4,9.6,9.5,9.5,9.6,10,10.9,12.2,13.5,14.5,14.8,14.2,12.6,10.6,8.6,6.9,5.7,4.9,4.4,4.1,4.1,4.4,4.8,5.3,5.8,6.3,6.9,8.2,11.1
chisanga,36.8,46.2,56.5,66.9,77.1,86.5,93.7,98.1,99.3,99.1,100.2,104.6,111.7,118.1,120.2,115.4,102.2,82.8,61.1,42.4,30.4,26.5,29.3,35.7,43.7,52.3,59.8,64.7,65.9,63.5,57.9,50.4,42.3,34.6,27.7,21.8,17.3,14.1,11.9,10.5,9.9,10,10.7,12.1,14.2,17.5,22.4,28.8
college,8.5,10.1,12.1,14.3,16.1,17.2,17.6,17.7,17.7,17.7,17.9,18.3,18.8,19,18.4,17.1,15.5,14.1,13.3,12.9,12.9,12.9,12.8,12.7,12.6,12.6,12.7,12.8,12.7,12.1,10.9,9.5,8.1,7.1,6.4,6.1,6,5.9,5.9,6,6.1,6.2,6.2,6.3,6.4,6.6,7,7.5
kasakula,4.9,5.1,5.2,5.3,5.5,5.7,6.2,6.8,7.3,7.7,7.9,7.8,7.4,6.9,6.4,5.9,5.4,5.1,4.9,4.8,4.6,4.5,4.3,4.1,3.9,3.7,3.6,3.5,3.6,3.7,4,4.3,4.6,4.8,4.9,4.9,5,5,5.2,5.5,5.7,5.8,5.6,5.3,4.9,4.6,4.5,4.7
kasama urban,215.3,254.8,306.8,361.5,406.5,434.1,444.5,446.3,446.4,447.7,453.2,463.5,475.4,479,464.9,432.6,392,356.8,335,326.9,325.5,325.4,324.2,320.2,317.4,317.7,321,324,320.9,305,275.6,240.1,206,179.3,162.8,155,151.3,150,150.4,151.9,154,156.1,157.8,159.3,161.5,166.6,175.9,190.3
kateshi,22.1,23.9,26.5,29.6,32.8,35.6,37.5,38.6,38.9,39.1,39.5,40.5,41.5,42,41.5,40.3,38.9,38,37.7,37.6,37.4,36.4,34.6,32.4,30.4,29.2,29,30.1,32.1,34.6,36.8,38.1,38.1,36.5,33.9,31,28.2,25.9,24.5,24.1,24.1,24.4,24.5,24.2,23.3,22.3,21.5,21.3
location,124.9,147.9,178,209.8,235.9,251.9,258,259,259.1,259.8,263,269,275.9,278,269.8,251,227.5,207.1,194.4,189.7,188.9,188.9,188.1,185.8,184.2,184.4,186.3,188.1,186.2,177,159.9,139.3,119.5,104.1,94.5,90,87.8,87,87.3,88.2,89.4,90.6,91.6,92.4,93.7,96.7,102.1,110.4
lubushi,64.5,67.4,69,70,71.8,75.7,81.8,89.3,96.7,101.9,103.9,102.4,97.7,91.1,84.1,77.4,71.7,67.6,64.9,62.9,61,58.7,56.1,53.4,50.9,48.8,47.1,46.4,47,49.1,52.6,56.7,60.6,63.5,64.9,65.1,65.3,66.5,69.1,72.6,75.4,76,73.7,69.2,64.1,60.4,59.5,61.3
lukashi,4.9,4.9,5.1,5.4,5.8,6.1,6.2,6.2,6.3,6.4,6.5,6.5,6.4,6.1,5.9,5.7,5.6,5.6,5.6,5.5,5.4,5.2,5.1,5.1,5.1,5.1,5,5,5.2,5.3,5.4,5.4,5.3,5.1,4.9,4.7,4.5,4.3,4.1,3.9,3.7,3.7,3.9,4.3,4.7,4.9,5,5
lukashya,38.7,40.5,41.4,42,43.1,45.5,49.1,53.7,58.1,61.2,62.4,61.5,58.7,54.7,50.5,46.5,43.1,40.6,39,37.8,36.6,35.3,33.7,32.1,30.6,29.3,28.3,27.9,28.2,29.5,31.6,34.1,36.4,38.1,39,39.1,39.2,39.9,41.5,43.6,45.3,45.7,44.3,41.5,38.5,36.3,35.8,36.8
lukupa,26.1,28.2,31.2,34.8,38.6,41.9,44.2,45.4,45.9,46,46.6,47.7,48.9,49.4,48.9,47.5,45.9,44.8,44.4,44.3,44,42.9,40.8,38.2,35.8,34.3,34.2,35.4,37.8,40.7,43.4,44.9,44.9,43,40,36.5,33.2,30.4,28.9,28.4,28.4,28.7,28.9,28.5,27.5,26.2,25.3,25.1
mbusa,8.8,10.5,12.6,14.9,16.7,17.8,18.3,18.3,18.4,18.4,18.6,19.1,19.5,19.7,19.1,17.8,16.1,14.7,13.8,13.4,13.4,13.4,13.3,13.2,13,13.1,13.2,13.3,13.2,12.5,11.3,9.9,8.5,7.4,6.7,6.4,6.2,6.2,6.2,6.2,6.3,6.4,6.5,6.5,6.6,6.9,7.2,7.8
milima,20.6,24.4,29.3,34.5,38.9,41.5,42.5,42.7,42.7,42.8,43.3,44.3,45.4,45.8,44.4,41.3,37.5,34.1,32,31.2,31.1,31.1,31,30.6,30.3,30.4,30.7,31,30.7,29.2,26.3,22.9,19.7,17.1,15.6,14.8,14.5,14.3,14.4,14.5,14.7,14.9,15.1,15.2,15.4,15.9,16.8,18.2
misamfu,5.2,6.2,7.5,8.8,9.9,10.6,10.8,10.9,10.9,10.9,11,11.3,11.6,11.7,11.3,10.5,9.5,8.7,8.2,8,7.9,7.9,7.9,7.8,7.7,7.7,7.8,7.9,7.8,7.4,6.7,5.8,5,4.4,4,3.8,3.7,3.7,3.7,3.7,3.8,3.8,3.8,3.9,3.9,4.1,4.3,4.6
misengo,18,18.8,19.3,19.5,20,21.1,22.8,24.9,27,28.5,29,28.6,27.3,25.4,23.5,21.6,20,18.9,18.1,17.6,17,16.4,15.7,14.9,14.2,13.6,13.2,13,13.1,13.7,14.7,15.8,16.9,17.7,18.1,18.2,18.2,18.6,19.3,20.3,21.1,21.2,20.6,19.3,17.9,16.9,16.6,17.1
mulanshi,20.8,29,38.4,47.6,55,60.2,62.8,63.7,63.7,63.7,63.4,62.1,59.1,53.9,46.7,38,29.3,21.8,16.6,13.7,12.7,12.6,12.6,12.7,13.2,14.4,16.1,17.9,19.2,19.6,18.7,16.7,14.1,11.4,9.2,7.6,6.5,5.8,5.4,5.4,5.8,6.4,7,7.7,8.3,9.1,10.9,14.7
mulenga,37.7,39.4,40.3,40.9,41.9,44.2,47.8,52.2,56.5,59.5,60.7,59.8,57.1,53.2,49.1,45.2,41.9,39.5,37.9,36.8,35.6,34.3,32.8,31.2,29.8,28.5,27.5,27.1,27.4,28.7,30.7,33.2,35.4,37.1,37.9,38.1,38.2,38.9,40.4,42.4,44.1,44.4,43.1,40.4,37.5,35.3,34.8,35.8
mulobola,19.9,23.6,28.4,33.4,37.6,40.1,41.1,41.3,41.3,41.4,41.9,42.9,44,44.3,43,40,36.3,33,31,30.2,30.1,30.1,30,29.6,29.4,29.4,29.7,30,29.7,28.2,25.5,22.2,19.1,16.6,15.1,14.3,14,13.9,13.9,14.1,14.2,14.4,14.6,14.7,14.9,15.4,16.3,17.6
mumbi mfumu,11.4,11.4,11.9,12.7,13.5,14.2,14.5,14.6,14.7,15,15.2,15.2,14.9,14.4,13.8,13.4,13.2,13.1,13,12.9,12.6,12.2,12,11.9,11.9,11.9,11.8,11.8,12,12.4,12.7,12.7,12.5,12,11.5,11,10.5,10,9.5,9,8.7,8.7,9.2,10.1,10.9,11.6,11.8,11.6
mumbi mukulu,7.4,8,8.5,8.8,9,9,9,9.1,9.1,9,8.7,8.3,7.8,7.2,6.6,6.1,5.8,5.7,5.6,5.6,5.5,5.3,5,4.5,4,3.6,3.3,3.1,3.1,3.1,3.3,3.5,3.6,3.5,3.3,2.9,2.4,2,1.6,1.4,1.5,1.7,2,2.6,3.4,4.4,5.5,6.5
munkonge,3.8,4.5,5.4,6.4,7.1,7.6,7.8,7.8,7.8,7.9,8,8.1,8.4,8.4,8.2,7.6,6.9,6.3,5.9,5.7,5.7,5.7,5.7,5.6,5.6,5.6,5.6,5.7,5.6,5.4,4.8,4.2,3.6,3.2,2.9,2.7,2.7,2.6,2.6,2.7,2.7,2.7,2.8,2.8,2.8,2.9,3.1,3.3
musa,35.5,37.1,38,38.5,39.5,41.6,45,49.1,53.2,56.1,57.2,56.3,53.8,50.1,46.3,42.6,39.5,37.2,35.7,34.6,33.6,32.3,30.9,29.4,28,26.8,25.9,25.5,25.8,27,28.9,31.2,33.4,34.9,35.7,35.9,36,36.6,38,39.9,41.5,41.8,40.6,38.1,35.3,33.3,32.8,33.7
mwamba,11.5,12,12.3,12.4,12.8,13.4,14.5,15.9,17.2,18.1,18.5,18.2,17.4,16.2,14.9,13.7,12.7,12,11.5,11.2,10.8,10.4,10,9.5,9,8.7,8.4,8.2,8.3,8.7,9.3,10.1,10.8,11.3,11.5,11.6,11.6,11.8,12.3,12.9,13.4,13.5,13.1,12.3,11.4,10.7,10.6,10.9
mwasha,11.5,12,12.3,12.4,12.8,13.4,14.5,15.9,17.2,18.1,18.5,18.2,17.4,16.2,14.9,13.7,12.7,12,11.5,11.2,10.8,10.4,10,9.5,9,8.7,8.4,8.2,8.3,8.7,9.3,10.1,10.8,11.3,11.5,11.6,11.6,11.8,12.3,12.9,13.4,13.5,13.1,12.3,11.4,10.7,10.6,10.9
nkolemfumu,30.6,42.5,56.4,69.8,80.7,88.2,92.2,93.5,93.5,93.4,93,91.1,86.7,79.1,68.5,55.8,42.9,32,24.3,20.1,18.7,18.4,18.4,18.6,19.4,21.1,23.6,26.2,28.2,28.8,27.5,24.5,20.6,16.7,13.4,11.1,9.5,8.5,8,8,8.5,9.3,10.3,11.3,12.1,13.3,16,21.5
tazara,52.9,57.1,63.2,70.6,78.2,84.9,89.6,92.1,93,93.3,94.4,96.6,99.1,100.3,99.2,96.3,93,90.8,90,89.9,89.3,87,82.8,77.4,72.6,69.7,69.3,71.8,76.6,82.6,88,91.1,91,87.2,81.1,74.1,67.3,61.7,58.5,57.5,57.7,58.3,58.6,57.8,55.7,53.2,51.3,50.9
zns chishimba,24.9,27.1,28.2,27.9,26,23.1,19.8,17.2,15.8,15.4,15.4,15.5,15.6,15.2,14.6,13.8,13.1,12.5,12,11.1,9.7,8.1,6.8,6,5.7,5.7,5.7,5.7,6,6.7,7.9,9.6,11.3,12.5,12.9,12.3,11,9.5,8.1,7.1,6.9,7.4,8.9,11.1,13.7,16.5,19.3,22.2
chibende,38.3,39.5,39.9,39.7,38.7,37.5,36.4,35.5,35.1,35,34.9,34.8,34.8,35,35.4,35.8,36,35.9,35.5,35,34.8,34.8,34.7,34.4,33.5,31.8,29.2,26.3,23.5,21.4,20,19.3,19,18.9,19,18.8,18.5,18,17.4,17.3,17.9,19.4,21.8,24.8,28.1,31.2,34,36.4
kabange,32.3,35.3,37.4,38.8,39.4,39.5,39.6,39.7,39.8,39.4,38.3,36.5,34.1,31.4,28.9,26.8,25.5,24.9,24.8,24.7,24.2,23.3,21.8,19.8,17.7,16,14.6,13.8,13.5,13.8,14.5,15.2,15.6,15.4,14.3,12.6,10.5,8.6,7.1,6.3,6.4,7.2,8.9,11.5,15.1,19.4,24.1,28.5
kapalala,15.3,15.7,15.9,15.8,15.4,14.9,14.5,14.2,14,13.9,13.9,13.9,13.9,13.9,14.1,14.3,14.4,14.3,14.1,14,13.9,13.9,13.8,13.7,13.4,12.7,11.6,10.5,9.4,8.5,8,7.7,7.6,7.5,7.6,7.5,7.4,7.2,7,6.9,7.1,7.7,8.7,9.9,11.2,12.4,13.5,14.5
lungo mukuta,8.2,10.3,12.6,14.9,17.2,19.3,20.9,21.9,22.2,22.1,22.4,23.4,24.9,26.4,26.8,25.8,22.8,18.5,13.6,9.5,6.8,5.9,6.5,8,9.8,11.7,13.4,14.4,14.7,14.2,12.9,11.3,9.5,7.7,6.2,4.9,3.9,3.2,2.6,2.3,2.2,2.2,2.4,2.7,3.2,3.9,5,6.4
lwela,39.6,41.4,42.3,42.9,44,46.4,50.1,54.8,59.3,62.5,63.7,62.8,59.9,55.9,51.6,47.4,44,41.5,39.8,38.6,37.4,36,34.4,32.8,31.2,29.9,28.9,28.5,28.8,30.1,32.3,34.8,37.2,38.9,39.8,40,40.1,40.8,42.4,44.5,46.3,46.6,45.2,42.4,39.3,37.1,36.5,37.6
milenge east 7,50.2,45,40.2,36.8,35.1,35.8,40.2,48.5,59,68.9,76.2,80,81.4,82.3,83.7,85.3,85.6,83,77,69.4,62.4,57.7,55.5,54.7,53.6,51.5,48.6,45.2,41.9,38.7,35.6,32.8,30.6,29.4,29.1,29.2,29.3,28.8,27.8,27,27.9,31.6,37.7,45.1,51.8,56.1,56.9,54.6
mulumbi,46.4,47.8,48.4,48,46.8,45.4,44,43,42.5,42.3,42.3,42.2,42.1,42.3,42.8,43.4,43.6,43.4,42.9,42.4,42.2,42.1,42,41.7,40.6,38.5,35.4,31.8,28.5,25.9,24.2,23.3,23,22.9,23,22.8,22.4,21.8,21.1,20.9,21.6,23.5,26.4,30,34,37.7,41.1,44.1
sokontwe,20.4,21,21.3,21.1,20.6,20,19.4,19,18.7,18.6,18.6,18.6,18.6,18.6,18.9,19.1,19.2,19.1,18.9,18.7,18.6,18.5,18.5,18.4,17.9,16.9,15.6,14,12.5,11.4,10.7,10.3,10.1,10.1,10.1,10,9.9,9.6,9.3,9.2,9.5,10.3,11.6,13.2,15,16.6,18.1,19.4
chalata,52.6,64.8,75.1,81.1,82.5,80.6,77.3,74.5,72.8,72,71.9,72.9,75,77.5,79.8,81.2,81.6,81.2,79.8,76.5,70.8,63.4,55.7,48.6,42.6,37.6,33.7,31.1,29.6,28.8,27.5,25.6,23.3,20.8,18.6,16.7,15.1,13.9,13.3,13.1,13.5,14.5,16.4,18.9,21.9,25.9,32.1,41.1
chembe,4.2,5.9,7.8,9.7,11.2,12.2,12.8,12.9,12.9,12.9,12.9,12.6,12,11,9.5,7.7,5.9,4.4,3.4,2.8,2.6,2.6,2.6,2.6,2.7,2.9,3.3,3.6,3.9,4,3.8,3.4,2.9,2.3,1.9,1.5,1.3,1.2,1.1,1.1,1.2,1.3,1.4,1.6,1.7,1.8,2.2,3
chengelo,6.8,6.8,7.1,7.5,8.1,8.4,8.6,8.7,8.8,8.9,9,9,8.9,8.6,8.2,8,7.8,7.8,7.7,7.7,7.5,7.3,7.1,7.1,7.1,7.1,7,7,7.2,7.4,7.6,7.6,7.4,7.1,6.8,6.5,6.2,6,5.7,5.4,5.2,5.2,5.5,6,6.5,6.9,7,6.9
chibefwe,139.2,151.9,161.1,167,169.5,170.1,170.3,171.1,171.4,169.6,164.8,157.1,146.7,135.1,124.2,115.5,109.6,107.1,106.6,106.2,104.4,100.3,93.7,85.2,76.4,68.7,62.9,59.4,58.3,59.5,62.2,65.4,67.2,66.1,61.5,54.2,45.4,37,30.5,27.2,27.4,31.2,38.3,49.4,64.9,83.7,103.8,122.8
chikupili,49.5,50.2,51.5,53.3,55.7,58.4,60.3,60.5,58.2,53,45.2,36.2,27.7,21.2,17.9,17.9,20.2,23.7,27.2,30.3,32.9,34.9,36.2,37.3,38.6,40.6,43.6,47,49.8,50.8,49.7,46.9,44,42.4,42.5,43.7,45.2,46.7,48,49.6,51.2,52.8,54.1,54.6,54.3,52.9,51.2,49.9
chimika,13.4,14,14.3,14.5,14.9,15.7,17,18.5,20.1,21.1,21.6,21.2,20.3,18.9,17.4,16,14.9,14,13.5,13,12.6,12.2,11.6,11.1,10.6,10.1,9.8,9.6,9.7,10.2,10.9,11.8,12.6,13.2,13.5,13.5,13.6,13.8,14.3,15.1,15.6,15.8,15.3,14.3,13.3,12.5,12.3,12.7
chingombe,5.8,5.8,5.8,5.8,6.3,7.8,10.6,14.9,20,25.3,29.7,32.6,33.8,33.2,31.3,28.7,25.7,22.8,20.2,18.2,16.8,16,15.5,15.2,14.9,14.7,14.5,14.4,14.3,14.2,14,13.8,13.3,12.6,11.5,10.2,8.8,7.6,6.7,6.1,5.9,5.8,5.8,5.8,5.8,5.8,5.8,5.8
fiwila mission,28,34.5,40,43.2,44,43,41.2,39.7,38.8,38.4,38.3,38.9,40,41.3,42.5,43.3,43.5,43.3,42.6,40.8,37.8,33.8,29.7,25.9,22.7,20,17.9,16.6,15.8,15.3,14.7,13.7,12.4,11.1,9.9,8.9,8.1,7.4,7.1,7,7.2,7.8,8.7,10.1,11.7,13.8,17.1,21.9
kakushi,6.1,8.5,11.2,13.6,15.5,16.7,17.1,16.9,16.3,15.5,14.7,13.8,12.4,10.5,8.5,6.8,5.6,5.1,4.9,4.9,4.9,4.9,5,5,5.1,5.2,5.3,5.4,5.5,5.6,5.7,5.7,5.6,5.4,5.1,4.7,4.2,3.8,3.5,3.2,3.1,3.1,3.1,3.2,3.2,3.3,3.5,4.3
kampelembe,15.5,19.1,22.2,23.9,24.3,23.8,22.8,22,21.5,21.2,21.2,21.5,22.1,22.9,23.5,24,24.1,24,23.6,22.6,20.9,18.7,16.5,14.4,12.6,11.1,9.9,9.2,8.7,8.5,8.1,7.6,6.9,6.1,5.5,4.9,4.5,4.1,3.9,3.9,4,4.3,4.8,5.6,6.5,7.6,9.5,12.1
kaundula,8.6,8.6,8.6,8.7,9.4,11.6,15.8,22.1,29.9,37.7,44.3,48.6,50.4,49.5,46.7,42.7,38.4,34,30.1,27.2,25.1,23.9,23.2,22.7,22.2,21.9,21.7,21.5,21.3,21.1,20.9,20.5,19.9,18.8,17.2,15.2,13.2,11.3,10,9.1,8.7,8.6,8.6,8.6,8.6,8.6,8.6,8.6
luanshimba,28.7,32.9,36.9,40.2,42.3,43.5,43.8,43.1,41.2,38.2,34.7,31.9,30.3,29.7,29.4,28.8,27.4,25.1,21.8,18.3,15.1,12.9,11.7,11.3,11.1,11,11.1,11.3,11.7,12.3,13,13.8,14.4,14.6,14.1,13.1,11.6,10,8.4,7.3,7.1,7.8,9.4,11.8,14.6,17.7,21.1,24.7
masansa,62.6,67.6,74.9,83.6,92.6,100.5,106.1,109,110,110.5,111.8,114.4,117.3,118.7,117.4,114,110.1,107.5,106.6,106.4,105.7,103,97.9,91.6,85.9,82.4,82.1,85,90.7,97.8,104.1,107.8,107.7,103.2,95.9,87.7,79.6,73.1,69.3,68.1,68.2,69,69.4,68.4,65.9,62.9,60.7,60.3
mboroma,9.8,10.6,11.7,13.1,14.5,15.7,16.6,17.1,17.2,17.3,17.5,17.9,18.4,18.6,18.4,17.8,17.2,16.8,16.7,16.6,16.5,16.1,15.3,14.3,13.4,12.9,12.8,13.3,14.2,15.3,16.3,16.9,16.8,16.1,15,13.7,12.5,11.4,10.8,10.7,10.7,10.8,10.9,10.7,10.3,9.8,9.5,9.4
mboshya,8.2,8.3,8.5,8.8,9.2,9.7,10,10,9.6,8.8,7.5,6,4.6,3.5,3,3,3.4,3.9,4.5,5,5.5,5.8,6,6.2,6.4,6.7,7.2,7.8,8.3,8.4,8.2,7.8,7.3,7,7,7.2,7.5,7.7,8,8.2,8.5,8.8,9,9.1,9,8.8,8.5,8.3
miloso,7.9,9.7,11.3,12.2,12.4,12.1,11.6,11.2,10.9,10.8,10.8,11,11.3,11.7,12,12.2,12.3,12.2,12,11.5,10.7,9.5,8.4,7.3,6.4,5.7,5.1,4.7,4.5,4.3,4.1,3.9,3.5,3.1,2.8,2.5,2.3,2.1,2,2,2,2.2,2.5,2.8,3.3,3.9,4.8,6.2
mkushi coppermine,30.4,40.6,50.8,59.6,66.3,70.4,70.7,67.1,59.9,50.7,40.6,30.9,22.3,16.3,14.2,16,21.4,28.6,35.1,39.3,40.9,40.3,38.6,37,36,34.9,33,29.8,25.3,20.2,16,13.6,13.2,14,15.1,15.6,15.4,14.4,13,11.6,10.3,9.4,8.8,8.8,9.3,11,14.9,21.4
moffat,3.5,4.4,5.4,6.4,7.4,8.3,9,9.4,9.5,9.5,9.6,10,10.7,11.3,11.5,11.1,9.8,7.9,5.9,4.1,2.9,2.5,2.8,3.4,4.2,5,5.7,6.2,6.3,6.1,5.6,4.8,4.1,3.3,2.7,2.1,1.7,1.4,1.1,1,1,1,1,1.2,1.4,1.7,2.1,2.8
munsakamba,19.4,20.9,23.2,25.9,28.7,31.1,32.9,33.8,34.1,34.2,34.6,35.4,36.4,36.8,36.4,35.3,34.1,33.3,33,33,32.7,31.9,30.3,28.4,26.6,25.5,25.4,26.3,28.1,30.3,32.3,33.4,33.4,32,29.7,27.2,24.7,22.6,21.5,21.1,21.1,21.4,21.5,21.2,20.4,19.5,18.8,18.7
musofu,26.7,37.4,49.3,60,68.2,73.5,75.6,74.7,71.8,68.3,64.9,60.8,54.6,46.2,37.3,29.8,24.8,22.3,21.5,21.4,21.6,21.7,21.8,22,22.4,22.8,23.4,24,24.5,24.8,25,25,24.6,23.7,22.4,20.6,18.6,16.7,15.2,14.3,13.8,13.7,13.7,13.9,14.1,14.4,15.4,19.1
nkolonga,13.5,13.5,14.1,15,16,16.8,17.2,17.3,17.5,17.8,18,18,17.7,17.1,16.4,15.9,15.6,15.5,15.4,15.3,14.9,14.5,14.2,14.1,14.2,14.1,14,14,14.3,14.8,15.1,15.1,14.8,14.2,13.6,13,12.4,11.9,11.3,10.7,10.3,10.4,10.9,11.9,13,13.7,14,13.8
nkumbi,60.1,83.6,110.7,137.1,158.6,173.3,181.1,183.6,183.6,183.5,182.7,179,170.2,155.4,134.6,109.6,84.4,62.9,47.8,39.5,36.7,36.2,36.2,36.6,38.2,41.5,46.3,51.5,55.4,56.5,53.9,48.1,40.5,32.8,26.4,21.8,18.8,16.7,15.7,15.7,16.7,18.3,20.3,22.2,23.9,26.1,31.4,42.2
nshinso,9.7,12.2,14.9,17.6,20.3,22.8,24.7,25.8,26.2,26.1,26.4,27.6,29.4,31.1,31.7,30.4,26.9,21.8,16.1,11.2,8,7,7.7,9.4,11.5,13.8,15.7,17,17.4,16.7,15.3,13.3,11.1,9.1,7.3,5.7,4.6,3.7,3.1,2.8,2.6,2.6,2.8,3.2,3.7,4.6,5.9,7.6
old mkushi,15.6,17,18,18.7,19,19,19,19.1,19.2,19,18.4,17.6,16.4,15.1,13.9,12.9,12.3,12,11.9,11.9,11.7,11.2,10.5,9.5,8.5,7.7,7,6.6,6.5,6.7,7,7.3,7.5,7.4,6.9,6.1,5.1,4.1,3.4,3,3.1,3.5,4.3,5.5,7.3,9.4,11.6,13.7
twatasha,59.9,65.4,69.3,71.8,72.9,73.2,73.3,73.6,73.7,72.9,70.9,67.6,63.1,58.1,53.4,49.7,47.2,46.1,45.9,45.7,44.9,43.1,40.3,36.7,32.9,29.6,27.1,25.6,25.1,25.6,26.8,28.1,28.9,28.4,26.5,23.3,19.5,15.9,13.1,11.7,11.8,13.4,16.5,21.2,27.9,36,44.6,52.8
boma,48.5,45,40.8,36.6,33.3,31.2,30.6,31.1,32.1,33,33.5,33.7,33.6,33.1,31.7,29.3,26.3,23.2,20.8,19.4,18.7,18.2,17.6,17.2,17.3,17.8,18.6,19.1,19.1,18.7,17.8,16.8,15.8,14.7,13.7,12.9,12.4,12.5,13.5,15.5,19,23.8,29.8,36.3,42.4,47.2,49.9,50.4
jivundu,5.2,4.6,4.1,3.8,3.6,3.7,4.1,5,6.1,7.1,7.8,8.2,8.4,8.4,8.6,8.8,8.8,8.5,7.9,7.1,6.4,5.9,5.7,5.6,5.5,5.3,5,4.6,4.3,4,3.7,3.4,3.1,3,3,3,3,3,2.9,2.8,2.9,3.2,3.9,4.6,5.3,5.8,5.8,5.6
kabanda,13.1,13.6,14,14.2,14.5,15.3,16.5,18.1,19.6,20.6,21,20.7,19.8,18.4,17,15.7,14.5,13.7,13.1,12.7,12.3,11.9,11.4,10.8,10.3,9.9,9.5,9.4,9.5,9.9,10.6,11.5,12.3,12.9,13.1,13.2,13.2,13.5,14,14.7,15.3,15.4,14.9,14,13,12.2,12,12.4
kabipupu,19.7,21.5,22.8,23.7,24,24.1,24.1,24.3,24.3,24,23.4,22.3,20.8,19.1,17.6,16.4,15.5,15.2,15.1,15.1,14.8,14.2,13.3,12.1,10.8,9.7,8.9,8.4,8.3,8.4,8.8,9.3,9.5,9.4,8.7,7.7,6.4,5.2,4.3,3.9,3.9,4.4,5.4,7,9.2,11.9,14.7,17.4
kalengwa,7.8,7.9,8.1,8.4,8.8,9.2,9.5,9.6,9.2,8.4,7.1,5.7,4.4,3.3,2.8,2.8,3.2,3.7,4.3,4.8,5.2,5.5,5.7,5.9,6.1,6.4,6.9,7.4,7.9,8,7.8,7.4,6.9,6.7,6.7,6.9,7.1,7.4,7.6,7.8,8.1,8.3,8.5,8.6,8.6,8.3,8.1,7.9
kaminzekenzeke,15.1,17.9,21.6,25.4,28.6,30.5,31.3,31.4,31.4,31.5,31.9,32.6,33.5,33.7,32.7,30.4,27.6,25.1,23.6,23,22.9,22.9,22.8,22.5,22.3,22.4,22.6,22.8,22.6,21.5,19.4,16.9,14.5,12.6,11.5,10.9,10.6,10.6,10.6,10.7,10.8,11,11.1,11.2,11.4,11.7,12.4,13.4
kashima,37.6,33.7,30.1,27.6,26.3,26.8,30.1,36.3,44.2,51.6,57,59.9,61,61.6,62.7,63.9,64.1,62.1,57.7,51.9,46.7,43.2,41.5,40.9,40.1,38.5,36.4,33.9,31.4,29,26.7,24.5,22.9,22,21.8,21.9,21.9,21.6,20.8,20.2,20.9,23.6,28.2,33.8,38.8,42,42.6,40.9
kinkonge,26.9,27.7,28,27.8,27.1,26.3,25.5,24.9,24.6,24.5,24.5,24.5,24.4,24.5,24.8,25.1,25.3,25.2,24.9,24.6,24.4,24.4,24.4,24.2,23.5,22.3,20.5,18.4,16.5,15,14,13.5,13.3,13.3,13.3,13.2,13,12.6,12.2,12.1,12.5,13.6,15.3,17.4,19.7,21.9,23.8,25.5
lubilo,20.7,18.6,16.6,15.2,14.5,14.8,16.6,20,24.4,28.4,31.5,33,33.6,34,34.6,35.2,35.4,34.3,31.8,28.6,25.7,23.8,22.9,22.6,22.1,21.3,20.1,18.7,17.3,16,14.7,13.5,12.6,12.2,12,12.1,12.1,11.9,11.5,11.2,11.5,13,15.6,18.6,21.4,23.2,23.5,22.6
matushi,9,12.7,16.7,20.3,23.1,24.8,25.5,25.2,24.3,23.1,21.9,20.5,18.5,15.6,12.6,10.1,8.4,7.5,7.3,7.2,7.3,7.3,7.4,7.4,7.6,7.7,7.9,8.1,8.3,8.4,8.5,8.4,8.3,8,7.6,7,6.3,5.7,5.2,4.8,4.7,4.6,4.6,4.7,4.8,4.9,5.2,6.5
miluji,28.5,35.7,43.7,51.8,59.6,66.9,72.4,75.8,76.8,76.6,77.5,80.9,86.4,91.3,92.9,89.2,79,64,47.3,32.8,23.5,20.5,22.7,27.6,33.8,40.4,46.2,50,51,49.1,44.8,39,32.7,26.8,21.4,16.8,13.4,10.9,9.2,8.1,7.7,7.8,8.3,9.3,11,13.6,17.3,22.2
mufumbwe,16.9,23.7,31.2,37.9,43.2,46.5,47.8,47.3,45.4,43.2,41.1,38.4,34.5,29.2,23.6,18.8,15.7,14.1,13.6,13.6,13.7,13.7,13.8,13.9,14.1,14.4,14.8,15.2,15.5,15.7,15.8,15.8,15.6,15,14.2,13,11.8,10.6,9.6,9,8.7,8.6,8.7,8.8,8.9,9.1,9.7,12.1
munyambala,4.2,5.9,7.8,9.7,11.2,12.2,12.8,12.9,12.9,12.9,12.9,12.6,12,11,9.5,7.7,5.9,4.4,3.4,2.8,2.6,2.6,2.6,2.6,2.7,2.9,3.3,3.6,3.9,4,3.8,3.4,2.9,2.3,1.9,1.5,1.3,1.2,1.1,1.1,1.2,1.3,1.4,1.6,1.7,1.8,2.2,3
mushima,4.7,5.9,7.2,8.6,9.9,11.1,12,12.5,12.7,12.7,12.8,13.4,14.3,15.1,15.4,14.7,13.1,10.6,7.8,5.4,3.9,3.4,3.7,4.6,5.6,6.7,7.6,8.3,8.4,8.1,7.4,6.4,5.4,4.4,3.5,2.8,2.2,1.8,1.5,1.3,1.3,1.3,1.4,1.5,1.8,2.2,2.9,3.7
chimba,27.2,32.2,38.8,45.7,51.4,54.9,56.2,56.4,56.5,56.6,57.3,58.6,60.1,60.6,58.8,54.7,49.6,45.1,42.4,41.3,41.2,41.2,41,40.5,40.1,40.2,40.6,41,40.6,38.6,34.9,30.4,26,22.7,20.6,19.6,19.1,19,19,19.2,19.5,19.7,20,20.1,20.4,21.1,22.2,24.1
chitimukulu,47.5,54.4,61.1,66.5,70.1,72,72.5,71.4,68.2,63.2,57.5,52.8,50.1,49.1,48.6,47.6,45.4,41.5,36.1,30.2,25,21.3,19.4,18.6,18.3,18.3,18.4,18.7,19.4,20.3,21.6,22.9,23.9,24.2,23.4,21.7,19.2,16.5,13.9,12.2,11.7,12.9,15.6,19.5,24.2,29.3,34.9,40.9
kalulu,13,13,13,13.1,14.1,17.4,23.9,33.4,45.1,56.9,66.9,73.5,76.1,74.8,70.5,64.5,57.9,51.3,45.5,41,37.9,36,35,34.2,33.6,33.1,32.7,32.4,32.1,31.9,31.5,31,30,28.3,25.9,23,19.9,17.1,15,13.8,13.2,13,13,13,13,13,13,13
kapolyo,11.1,11.6,11.9,12,12.4,13,14.1,15.4,16.6,17.5,17.9,17.6,16.8,15.7,14.5,13.3,12.4,11.6,11.2,10.8,10.5,10.1,9.7,9.2,8.8,8.4,8.1,8,8.1,8.5,9.1,9.8,10.4,10.9,11.2,11.2,11.3,11.4,11.9,12.5,13,13.1,12.7,11.9,11,10.4,10.2,10.6
kayambi mission,58.7,63.4,70.2,78.4,86.9,94.3,99.5,102.3,103.2,103.6,104.8,107.3,110.1,111.3,110.1,106.9,103.3,100.8,100,99.8,99.1,96.6,91.9,85.9,80.6,77.3,77,79.7,85.1,91.7,97.7,101.1,101,96.8,90,82.2,74.7,68.6,65,63.9,64,64.7,65.1,64.2,61.8,59,56.9,56.5
makasa,47.2,50.9,56.4,63,69.8,75.7,79.9,82.2,82.9,83.2,84.2,86.2,88.4,89.4,88.5,85.9,82.9,81,80.3,80.2,79.6,77.6,73.8,69,64.7,62.1,61.8,64,68.3,73.6,78.4,81.2,81.1,77.7,72.3,66.1,60,55.1,52.2,51.3,51.4,52,52.3,51.6,49.7,47.4,45.7,45.4
malole,83.6,87.4,89.5,90.7,93.1,98.1,106,115.8,125.4,132.1,134.7,132.7,126.7,118.1,109,100.3,93,87.7,84.1,81.6,79.1,76.2,72.8,69.3,66.1,63.2,61.1,60.2,60.9,63.7,68.2,73.6,78.6,82.4,84.1,84.5,84.7,86.2,89.7,94.1,97.8,98.6,95.6,89.7,83.1,78.4,77.2,79.5
mumba,43.2,43.2,45,48,51.2,53.7,55,55.4,55.8,56.7,57.5,57.6,56.5,54.5,52.3,50.7,49.9,49.5,49.3,48.8,47.7,46.3,45.5,45.2,45.2,45,44.6,44.7,45.7,47.1,48.2,48.2,47.2,45.5,43.5,41.5,39.7,37.9,36.1,34.3,33,33.1,35,38.2,41.5,43.8,44.6,44.1
mungwi baptist,117.2,138.7,167,196.8,221.3,236.3,242,243,243,243.8,246.7,252.3,258.8,260.8,253.1,235.5,213.4,194.3,182.4,178,177.2,177.2,176.5,174.3,172.8,173,174.8,176.4,174.7,166.1,150,130.7,112.1,97.6,88.6,84.4,82.4,81.7,81.9,82.7,83.9,85,85.9,86.7,87.9,90.7,95.7,103.6
ndasa,40.9,46.8,52.5,57.2,60.3,61.9,62.4,61.4,58.7,54.3,49.4,45.4,43.1,42.3,41.8,41,39.1,35.7,31.1,26,21.5,18.4,16.7,16,15.8,15.7,15.8,16.1,16.7,17.5,18.6,19.7,20.6,20.8,20.1,18.6,16.5,14.2,12,10.5,10.1,11.1,13.4,16.8,20.8,25.2,30,35.2
ngoli,14.7,17.3,20.9,24.6,27.7,29.5,30.3,30.4,30.4,30.5,30.8,31.5,32.4,32.6,31.6,29.4,26.7,24.3,22.8,22.2,22.2,22.1,22.1,21.8,21.6,21.6,21.8,22.1,21.8,20.8,18.8,16.3,14,12.2,11.1,10.6,10.3,10.2,10.2,10.3,10.5,10.6,10.7,10.8,11,11.3,12,13
nseluka,60.1,71.2,85.7,100.9,113.5,121.2,124.1,124.6,124.6,125,126.5,129.4,132.7,133.8,129.8,120.8,109.5,99.6,93.5,91.3,90.9,90.9,90.5,89.4,88.6,88.7,89.6,90.5,89.6,85.2,77,67,57.5,50.1,45.5,43.3,42.3,41.9,42,42.4,43,43.6,44.1,44.5,45.1,46.5,49.1,53.1
peleti,22.5,31.4,41.6,51.5,59.5,65.1,68,69,68.9,68.9,68.6,67.2,63.9,58.4,50.5,41.1,31.7,23.6,17.9,14.8,13.8,13.6,13.6,13.7,14.3,15.6,17.4,19.3,20.8,21.2,20.3,18.1,15.2,12.3,9.9,8.2,7,6.3,5.9,5.9,6.3,6.9,7.6,8.3,9,9.8,11.8,15.9
rosa,23.8,28.1,33.9,39.9,44.9,47.9,49.1,49.3,49.3,49.4,50,51.2,52.5,52.9,51.3,47.7,43.3,39.4,37,36.1,35.9,35.9,35.8,35.3,35,35.1,35.4,35.8,35.4,33.7,30.4,26.5,22.7,19.8,18,17.1,16.7,16.6,16.6,16.8,17,17.2,17.4,17.6,17.8,18.4,19.4,21
chibwika,5.9,8.2,10.8,13.2,15,16.2,16.6,16.4,15.8,15,14.3,13.4,12,10.2,8.2,6.6,5.5,4.9,4.7,4.7,4.8,4.8,4.8,4.9,4.9,5,5.1,5.3,5.4,5.5,5.5,5.5,5.4,5.2,4.9,4.5,4.1,3.7,3.4,3.1,3,3,3,3.1,3.1,3.2,3.4,4.2
chisengi sengi,10,10.9,11.6,12,12.2,12.2,12.3,12.3,12.3,12.2,11.9,11.3,10.6,9.7,8.9,8.3,7.9,7.7,7.7,7.6,7.5,7.2,6.7,6.1,5.5,4.9,4.5,4.3,4.2,4.3,4.5,4.7,4.8,4.8,4.4,3.9,3.3,2.7,2.2,2,2,2.2,2.8,3.6,4.7,6,7.5,8.8
chiwoma,18.7,16.8,15,13.7,13.1,13.4,15,18.1,22,25.7,28.4,29.9,30.4,30.7,31.3,31.9,32,31,28.8,25.9,23.3,21.5,20.7,20.4,20,19.2,18.1,16.9,15.6,14.4,13.3,12.2,11.4,11,10.9,10.9,10.9,10.8,10.4,10.1,10.4,11.8,14.1,16.8,19.4,20.9,21.2,20.4
ikelenge,56.2,52.1,47.2,42.4,38.5,36.2,35.5,36.1,37.2,38.2,38.8,39,39,38.3,36.8,34,30.4,26.9,24.1,22.5,21.6,21,20.4,20,20,20.6,21.5,22.1,22.1,21.6,20.7,19.5,18.3,17,15.9,15,14.4,14.5,15.6,17.9,21.9,27.6,34.5,42,49.1,54.7,57.8,58.3
jimbe,20.9,18.7,16.7,15.3,14.6,14.9,16.7,20.2,24.5,28.6,31.7,33.3,33.9,34.2,34.8,35.5,35.6,34.5,32,28.8,25.9,24,23.1,22.7,22.3,21.4,20.2,18.8,17.4,16.1,14.8,13.6,12.7,12.2,12.1,12.1,12.2,12,11.6,11.2,11.6,13.1,15.7,18.8,21.5,23.3,23.7,22.7
kafweku,5.9,8.2,10.8,13.2,15,16.2,16.6,16.4,15.8,15,14.3,13.4,12,10.2,8.2,6.6,5.5,4.9,4.7,4.7,4.8,4.8,4.8,4.9,4.9,5,5.1,5.3,5.4,5.5,5.5,5.5,5.4,5.2,4.9,4.5,4.1,3.7,3.4,3.1,3,3,3,3.1,3.1,3.2,3.4,4.2
kakoma,36.1,33.5,30.4,27.3,24.8,23.3,22.8,23.2,23.9,24.6,25,25.1,25,24.6,23.6,21.9,19.6,17.3,15.5,14.5,13.9,13.5,13.1,12.8,12.9,13.3,13.8,14.2,14.2,13.9,13.3,12.5,11.7,11,10.2,9.6,9.3,9.3,10,11.5,14.1,17.8,22.2,27,31.6,35.2,37.2,37.5
kalene (kawota),141.5,126.8,113.3,103.8,98.9,101,113.4,136.8,166.2,194.2,214.8,225.6,229.6,231.9,236,240.5,241.3,233.8,217.1,195.5,175.7,162.5,156.4,154,151,145.1,136.9,127.5,118.1,109.1,100.4,92.4,86.3,83,82.1,82.4,82.5,81.3,78.5,76.2,78.7,89,106.3,127.1,146.1,158.2,160.4,153.9
kamapanda,10.4,9.7,8.8,7.9,7.1,6.7,6.6,6.7,6.9,7.1,7.2,7.2,7.2,7.1,6.8,6.3,5.6,5,4.5,4.2,4,3.9,3.8,3.7,3.7,3.8,4,4.1,4.1,4,3.8,3.6,3.4,3.2,3,2.8,2.7,2.7,2.9,3.3,4.1,5.1,6.4,7.8,9.1,10.1,10.7,10.8
kanyihampa,195.8,224.4,251.7,274,288.8,296.8,298.9,294.2,281,260.4,236.9,217.6,206.6,202.5,200.5,196.3,187.2,171.2,149,124.7,103.1,88,80.1,76.8,75.6,75.3,75.8,77.2,79.9,83.7,88.9,94.5,98.6,99.6,96.5,89.3,79.1,67.9,57.5,50.1,48.3,53.2,64.4,80.4,99.6,120.7,143.8,168.7
kanyama,7.5,10.5,13.8,16.8,19.1,20.6,21.2,20.9,20.1,19.1,18.2,17,15.3,13,10.5,8.4,7,6.3,6,6,6,6.1,6.1,6.2,6.3,6.4,6.6,6.7,6.9,7,7,7,6.9,6.7,6.3,5.8,5.2,4.7,4.3,4,3.9,3.8,3.9,3.9,4,4,4.3,5.4
kanzenzi,10,10.9,11.6,12,12.2,12.2,12.3,12.3,12.3,12.2,11.9,11.3,10.6,9.7,8.9,8.3,7.9,7.7,7.7,7.6,7.5,7.2,6.7,6.1,5.5,4.9,4.5,4.3,4.2,4.3,4.5,4.7,4.8,4.8,4.4,3.9,3.3,2.7,2.2,2,2,2.2,2.8,3.6,4.7,6,7.5,8.8
kapundu,13.9,12.5,11.2,10.2,9.7,9.9,11.2,13.5,16.4,19.1,21.1,22.2,22.6,22.8,23.2,23.7,23.8,23,21.4,19.3,17.3,16,15.4,15.2,14.9,14.3,13.5,12.6,11.6,10.7,9.9,9.1,8.5,8.2,8.1,8.1,8.1,8,7.7,7.5,7.8,8.8,10.5,12.5,14.4,15.6,15.8,15.2
katuyola,89.8,83.3,75.4,67.7,61.6,57.8,56.7,57.6,59.4,61.1,62,62.4,62.3,61.2,58.7,54.3,48.6,42.9,38.5,35.9,34.6,33.6,32.6,31.9,32,33,34.3,35.3,35.4,34.5,33,31.1,29.2,27.2,25.4,23.9,23,23.2,24.9,28.6,35.1,44.1,55.1,67.2,78.5,87.4,92.4,93.2
kayipaka,20.9,18.7,16.7,15.3,14.6,14.9,16.7,20.2,24.5,28.6,31.7,33.3,33.9,34.2,34.8,35.5,35.6,34.5,32,28.8,25.9,24,23.1,22.7,22.3,21.4,20.2,18.8,17.4,16.1,14.8,13.6,12.7,12.2,12.1,12.1,12.2,12,11.6,11.2,11.6,13.1,15.7,18.8,21.5,23.3,23.7,22.7
kazozu,5.2,4.6,4.1,3.8,3.6,3.7,4.1,5,6.1,7.1,7.8,8.2,8.4,8.4,8.6,8.8,8.8,8.5,7.9,7.1,6.4,5.9,5.7,5.6,5.5,5.3,5,4.6,4.3,4,3.7,3.4,3.1,3,3,3,3,3,2.9,2.8,2.9,3.2,3.9,4.6,5.3,5.8,5.8,5.6
lumwana,27.4,24.6,22,20.1,19.2,19.6,22,26.5,32.2,37.6,41.6,43.7,44.5,44.9,45.7,46.6,46.7,45.3,42.1,37.9,34,31.5,30.3,29.8,29.2,28.1,26.5,24.7,22.9,21.1,19.5,17.9,16.7,16.1,15.9,16,16,15.7,15.2,14.8,15.2,17.2,20.6,24.6,28.3,30.6,31.1,29.8
lwawu,41.3,57.9,76.2,92.8,105.5,113.6,116.8,115.5,111,105.6,100.4,93.9,84.4,71.5,57.7,46.1,38.4,34.5,33.2,33.1,33.4,33.6,33.8,34.1,34.6,35.3,36.1,37.1,37.8,38.4,38.7,38.6,38,36.7,34.6,31.8,28.7,25.9,23.6,22.1,21.3,21.1,21.2,21.5,21.8,22.2,23.8,29.5
mukangala,12.9,12,10.9,9.8,8.9,8.3,8.2,8.3,8.6,8.8,8.9,9,9,8.8,8.5,7.8,7,6.2,5.5,5.2,5,4.8,4.7,4.6,4.6,4.7,4.9,5.1,5.1,5,4.8,4.5,4.2,3.9,3.7,3.4,3.3,3.3,3.6,4.1,5.1,6.4,7.9,9.7,11.3,12.6,13.3,13.4
musangila,17.5,24.6,32.3,39.4,44.8,48.2,49.6,49,47.1,44.8,42.6,39.9,35.8,30.3,24.5,19.6,16.3,14.6,14.1,14.1,14.2,14.2,14.3,14.5,14.7,15,15.3,15.7,16.1,16.3,16.4,16.4,16.1,15.6,14.7,13.5,12.2,11,10,9.4,9,9,9,9.1,9.3,9.4,10.1,12.5
ntambu sachitolu,13.9,12.5,11.2,10.2,9.7,9.9,11.2,13.5,16.4,19.1,21.1,22.2,22.6,22.8,23.2,23.7,23.8,23,21.4,19.3,17.3,16,15.4,15.2,14.9,14.3,13.5,12.6,11.6,10.7,9.9,9.1,8.5,8.2,8.1,8.1,8.1,8,7.7,7.5,7.8,8.8,10.5,12.5,14.4,15.6,15.8,15.2
nyangombe,14.1,19.7,26,31.6,36,38.7,39.9,39.4,37.9,36,34.2,32,28.8,24.4,19.7,15.7,13.1,11.8,11.3,11.3,11.4,11.5,11.5,11.6,11.8,12,12.3,12.6,12.9,13.1,13.2,13.2,13,12.5,11.8,10.9,9.8,8.8,8,7.5,7.3,7.2,7.2,7.3,7.4,7.6,8.1,10.1
sachibondu,6,5.4,4.8,4.4,4.2,4.3,4.8,5.8,7.1,8.3,9.1,9.6,9.8,9.9,10,10.2,10.3,10,9.2,8.3,7.5,6.9,6.7,6.6,6.4,6.2,5.8,5.4,5,4.6,4.3,3.9,3.7,3.5,3.5,3.5,3.5,3.5,3.3,3.2,3.4,3.8,4.5,5.4,6.2,6.7,6.8,6.6
sailunga,13.9,12.5,11.2,10.2,9.7,9.9,11.2,13.5,16.4,19.1,21.1,22.2,22.6,22.8,23.2,23.7,23.8,23,21.4,19.3,17.3,16,15.4,15.2,14.9,14.3,13.5,12.6,11.6,10.7,9.9,9.1,8.5,8.2,8.1,8.1,8.1,8,7.7,7.5,7.8,8.8,10.5,12.5,14.4,15.6,15.8,15.2
sakapoti,9.5,8.8,8,7.2,6.5,6.1,6,6.1,6.3,6.5,6.6,6.6,6.6,6.5,6.2,5.8,5.2,4.6,4.1,3.8,3.7,3.6,3.5,3.4,3.4,3.5,3.6,3.7,3.8,3.7,3.5,3.3,3.1,2.9,2.7,2.5,2.4,2.5,2.6,3,3.7,4.7,5.8,7.1,8.3,9.3,9.8,9.9
salujinga,5.9,8.2,10.8,13.2,15,16.2,16.6,16.4,15.8,15,14.3,13.4,12,10.2,8.2,6.6,5.5,4.9,4.7,4.7,4.8,4.8,4.8,4.9,4.9,5,5.1,5.3,5.4,5.5,5.5,5.5,5.4,5.2,4.9,4.5,4.1,3.7,3.4,3.1,3,3,3,3.1,3.1,3.2,3.4,4.2
tom ilunga,38.6,35.8,32.4,29.1,26.4,24.8,24.4,24.7,25.5,26.2,26.6,26.8,26.7,26.3,25.2,23.3,20.9,18.4,16.5,15.4,14.8,14.4,14,13.7,13.7,14.1,14.7,15.2,15.2,14.8,14.2,13.4,12.5,11.7,10.9,10.3,9.9,9.9,10.7,12.3,15.1,18.9,23.7,28.8,33.7,37.5,39.7,40
chanka,4.9,4.9,5,5.4,5.8,6,6.2,6.2,6.3,6.4,6.5,6.5,6.3,6.1,5.9,5.7,5.6,5.6,5.5,5.5,5.4,5.2,5.1,5.1,5.1,5.1,5,5,5.1,5.3,5.4,5.4,5.3,5.1,4.9,4.7,4.5,4.3,4.1,3.8,3.7,3.7,3.9,4.3,4.7,4.9,5,5
chilolwa,27,27.3,28,29,30.4,31.8,32.9,33,31.7,28.9,24.6,19.7,15.1,11.6,9.8,9.8,11,12.9,14.8,16.5,17.9,19,19.7,20.3,21.1,22.1,23.8,25.6,27.2,27.7,27.1,25.6,24,23.1,23.2,23.8,24.6,25.4,26.2,27,27.9,28.8,29.5,29.8,29.6,28.8,27.9,27.2
chozi,23.3,25.2,27.9,31.1,34.5,37.4,39.5,40.6,41,41.1,41.6,42.6,43.7,44.2,43.7,42.5,41,40,39.7,39.6,39.3,38.3,36.5,34.1,32,30.7,30.6,31.6,33.8,36.4,38.8,40.1,40.1,38.4,35.7,32.6,29.6,27.2,25.8,25.4,25.4,25.7,25.8,25.5,24.6,23.4,22.6,22.4
mwenzo,32,34.5,38.3,42.7,47.3,51.4,54.2,55.7,56.2,56.5,57.1,58.5,60,60.6,60,58.3,56.3,54.9,54.5,54.4,54,52.6,50.1,46.8,43.9,42.1,41.9,43.4,46.4,50,53.2,55.1,55,52.7,49,44.8,40.7,37.3,35.4,34.8,34.9,35.2,35.5,35,33.7,32.2,31,30.8
nakonde,126.6,128.4,131.7,136.4,142.5,149.5,154.5,154.9,149,135.6,115.7,92.6,70.8,54.3,45.9,45.8,51.8,60.6,69.7,77.6,84.3,89.2,92.7,95.5,98.9,104,111.6,120.4,127.6,130.1,127.2,120.1,112.6,108.5,108.7,111.9,115.6,119.5,122.9,127,131.2,135.2,138.6,139.9,139,135.4,131.1,127.6
ntatumbila,30.3,30.3,31.5,33.7,35.9,37.7,38.6,38.8,39.1,39.8,40.3,40.4,39.6,38.2,36.7,35.6,35,34.7,34.6,34.2,33.4,32.5,31.9,31.7,31.7,31.6,31.3,31.3,32,33.1,33.8,33.8,33.1,31.9,30.5,29.1,27.8,26.6,25.3,24,23.1,23.2,24.5,26.8,29.1,30.7,31.2,30.9
shem,3.5,3.5,3.5,3.6,3.9,4.8,6.5,9.1,12.3,15.5,18.3,20.1,20.8,20.4,19.3,17.6,15.8,14,12.4,11.2,10.3,9.8,9.5,9.3,9.2,9,8.9,8.8,8.8,8.7,8.6,8.5,8.2,7.7,7.1,6.3,5.4,4.7,4.1,3.8,3.6,3.6,3.5,3.5,3.5,3.5,3.5,3.5
waitwika,13.5,13.6,14.1,15.1,16.1,16.9,17.2,17.4,17.5,17.8,18,18.1,17.7,17.1,16.4,15.9,15.6,15.5,15.5,15.3,14.9,14.5,14.3,14.2,14.2,14.1,14,14,14.3,14.8,15.1,15.1,14.8,14.3,13.6,13,12.4,11.9,11.3,10.7,10.3,10.4,11,12,13,13.7,14,13.8
kaanja,9.9,10.7,11.9,13.3,14.7,16,16.8,17.3,17.5,17.5,17.7,18.2,18.6,18.8,18.6,18.1,17.5,17.1,16.9,16.9,16.8,16.3,15.5,14.5,13.6,13.1,13,13.5,14.4,15.5,16.5,17.1,17.1,16.4,15.2,13.9,12.6,11.6,11,10.8,10.8,10.9,11,10.9,10.5,10,9.6,9.6
kaunga mashi,44.6,52.8,63.6,75,84.3,90,92.2,92.6,92.6,92.8,94,96.1,98.6,99.3,96.4,89.7,81.3,74,69.5,67.8,67.5,67.5,67.2,66.4,65.8,65.9,66.6,67.2,66.5,63.2,57.1,49.8,42.7,37.2,33.8,32.1,31.4,31.1,31.2,31.5,31.9,32.4,32.7,33,33.5,34.6,36.5,39.5
mbanda,76.7,102.5,128.3,150.5,167.5,177.8,178.6,169.6,151.3,127.9,102.7,78,56.4,41.3,35.9,40.5,54.1,72.3,88.7,99.3,103.4,101.8,97.4,93.5,91,88.2,83.3,75.3,63.8,50.9,40.3,34.3,33.3,35.4,38.1,39.4,38.8,36.4,32.9,29.3,26.1,23.7,22.4,22.1,23.4,27.9,37.6,54.1
mulonga,37.3,40.3,44.6,49.8,55.2,59.9,63.2,64.9,65.5,65.8,66.6,68.1,69.9,70.7,69.9,67.9,65.6,64,63.5,63.4,62.9,61.3,58.3,54.6,51.2,49.1,48.9,50.6,54,58.2,62,64.2,64.1,61.4,57.1,52.2,47.4,43.5,41.3,40.6,40.6,41.1,41.3,40.8,39.3,37.5,36.1,35.9
mutomena,35.5,37.2,38,38.6,39.6,41.7,45.1,49.2,53.3,56.1,57.3,56.4,53.8,50.2,46.3,42.6,39.5,37.3,35.8,34.7,33.6,32.4,30.9,29.4,28.1,26.9,26,25.6,25.9,27.1,29,31.3,33.4,35,35.8,35.9,36,36.6,38.1,40,41.6,41.9,40.6,38.1,35.3,33.3,32.8,33.8
nalwashi,26.8,29.2,30.4,30.1,28,24.9,21.4,18.5,17,16.6,16.6,16.7,16.8,16.4,15.7,14.9,14.1,13.5,12.9,11.9,10.4,8.7,7.3,6.5,6.2,6.1,6.2,6.2,6.4,7.2,8.5,10.4,12.2,13.5,13.9,13.2,11.9,10.2,8.7,7.7,7.4,8,9.6,12,14.8,17.7,20.8,24
nangweshi,17.7,17.7,18.4,19.7,21,22,22.6,22.7,22.9,23.3,23.6,23.6,23.2,22.4,21.5,20.8,20.5,20.3,20.2,20,19.6,19,18.7,18.5,18.6,18.5,18.3,18.3,18.7,19.3,19.8,19.8,19.4,18.7,17.8,17,16.3,15.6,14.8,14.1,13.5,13.6,14.3,15.7,17,18,18.3,18.1
shangombo,76,77.1,79.1,81.9,85.6,89.8,92.8,93.1,89.5,81.4,69.5,55.6,42.5,32.6,27.6,27.5,31.1,36.4,41.9,46.6,50.6,53.6,55.7,57.4,59.4,62.5,67,72.3,76.6,78.2,76.4,72.1,67.7,65.1,65.3,67.2,69.4,71.8,73.8,76.3,78.8,81.2,83.2,84,83.5,81.3,78.8,76.7
silowana,43.8,45.8,46.8,47.5,48.7,51.4,55.5,60.6,65.6,69.2,70.5,69.5,66.3,61.9,57.1,52.5,48.7,45.9,44.1,42.7,41.4,39.9,38.1,36.3,34.6,33.1,32,31.5,31.9,33.3,35.7,38.5,41.2,43.1,44.1,44.2,44.4,45.1,46.9,49.3,51.2,51.6,50.1,47,43.5,41,40.4,41.6
sinjembela,35.7,42.2,50.8,59.9,67.3,71.9,73.6,73.9,73.9,74.1,75.1,76.8,78.7,79.3,77,71.6,64.9,59.1,55.5,54.1,53.9,53.9,53.7,53,52.6,52.6,53.2,53.7,53.1,50.5,45.6,39.8,34.1,29.7,27,25.7,25.1,24.8,24.9,25.2,25.5,25.9,26.1,26.4,26.7,27.6,29.1,31.5
sioma,61.5,64.3,65.8,66.7,68.5,72.2,78,85.2,92.2,97.2,99.1,97.7,93.2,86.9,80.2,73.8,68.5,64.5,61.9,60,58.2,56,53.5,51,48.6,46.5,45,44.3,44.8,46.9,50.2,54.1,57.9,60.6,61.9,62.2,62.3,63.4,66,69.3,72,72.5,70.3,66,61.2,57.7,56.8,58.5
sipuma,43.2,60.2,79.7,98.7,114.1,124.8,130.3,132.2,132.2,132.1,131.5,128.8,122.5,111.9,96.9,78.9,60.7,45.3,34.4,28.5,26.4,26.1,26.1,26.4,27.5,29.9,33.3,37,39.9,40.7,38.8,34.6,29.2,23.6,19,15.7,13.5,12,11.3,11.3,12,13.2,14.6,16,17.2,18.8,22.6,30.4
sitoti,59.5,64.6,67.5,66.6,62.2,55.1,47.4,41.1,37.6,36.7,36.8,37.1,37.2,36.4,34.9,33,31.2,29.9,28.6,26.5,23.2,19.4,16.2,14.3,13.7,13.6,13.6,13.7,14.2,15.9,19,23,27,30,30.7,29.3,26.3,22.7,19.3,17,16.4,17.7,21.2,26.6,32.8,39.3,46.2,53.1
